{"cameraMode":{"drawMode":0,"name":"Shaded","section":"Shading Mode"},"sceneLighting":false,"audioPlay":false,"sceneViewState":{"showFog":false,"showMaterialUpdate":false,"showSkybox":false,"showFlares":false,"showImageEffects":false,"showParticleSystems":false},"in2DMode":false,"pivot":{"x":-0.02803438901901245,"y":-0.01691548526287079,"z":-0.03523067384958267},"rotation":{"x":-0.11478176712989807,"y":0.8792967200279236,"z":-0.267966628074646,"w":-0.376641184091568},"size":0.26081398129463198,"orthographic":false}