{"cameraMode":{"drawMode":0,"name":"Shaded","section":"Shading Mode"},"sceneLighting":false,"audioPlay":false,"sceneViewState":{"showFog":false,"showMaterialUpdate":false,"showSkybox":false,"showFlares":false,"showImageEffects":false,"showParticleSystems":false},"in2DMode":false,"pivot":{"x":-0.0023206472396850588,"y":0.008321881294250489,"z":0.01295965164899826},"rotation":{"x":-0.08030366897583008,"y":0.7643450498580933,"z":-0.09706076979637146,"w":-0.6323835849761963},"size":0.26076722145080569,"orthographic":false}