{"cameraMode":{"drawMode":0,"name":"Shaded","section":"Shading Mode"},"sceneLighting":false,"audioPlay":false,"sceneViewState":{"showFog":false,"showMaterialUpdate":false,"showSkybox":false,"showFlares":false,"showImageEffects":false,"showParticleSystems":false},"in2DMode":false,"pivot":{"x":0.00011267513036727905,"y":0.015896186232566835,"z":16.985307693481447},"rotation":{"x":0.02043357491493225,"y":0.23036089539527894,"z":-0.004838022403419018,"w":0.9728802442550659},"size":0.26085954904556277,"orthographic":false}