{"cameraMode":{"drawMode":0,"name":"Shaded","section":"Shading Mode"},"sceneLighting":false,"audioPlay":false,"sceneViewState":{"showFog":false,"showMaterialUpdate":false,"showSkybox":false,"showFlares":false,"showImageEffects":false,"showParticleSystems":false},"in2DMode":false,"pivot":{"x":0.12164425849914551,"y":-0.1443362534046173,"z":0.13827529549598695},"rotation":{"x":0.24193106591701508,"y":0.5815407633781433,"z":-0.18660478293895722,"w":0.7539651989936829},"size":11.369686126708985,"orthographic":false}