{"cameraMode":{"drawMode":0,"name":"Shaded","section":"Shading Mode"},"sceneLighting":true,"audioPlay":false,"sceneViewState":{"showFog":false,"showMaterialUpdate":false,"showSkybox":false,"showFlares":false,"showImageEffects":false,"showParticleSystems":false},"in2DMode":false,"pivot":{"x":-0.00005525536835193634,"y":0.015896189957857133,"z":-0.0052182599902153019},"rotation":{"x":0.08455149084329605,"y":0.4688998758792877,"z":-0.045153118669986728,"w":0.8780374526977539},"size":0.26081398129463198,"orthographic":false}