{"cameraMode":{"drawMode":0,"name":"Shaded","section":"Shading Mode"},"sceneLighting":false,"audioPlay":false,"sceneViewState":{"showFog":false,"showMaterialUpdate":false,"showSkybox":false,"showFlares":false,"showImageEffects":false,"showParticleSystems":false},"in2DMode":false,"pivot":{"x":-0.00005525536835193634,"y":0.015896189957857133,"z":-0.0052182599902153019},"rotation":{"x":-0.0704071894288063,"y":0.7876155972480774,"z":-0.09162336587905884,"w":-0.6052356958389282},"size":0.26081398129463198,"orthographic":false}