{"cameraMode":{"drawMode":0,"name":"Shaded","section":"Shading Mode"},"sceneLighting":false,"audioPlay":false,"sceneViewState":{"showFog":false,"showMaterialUpdate":false,"showSkybox":false,"showFlares":false,"showImageEffects":false,"showParticleSystems":false},"in2DMode":false,"pivot":{"x":-0.04724550247192383,"y":-4.479116439819336,"z":14.852176666259766},"rotation":{"x":0.20365214347839356,"y":0.06163376197218895,"z":-0.012847221456468106,"w":0.9770182967185974},"size":60.20246887207031,"orthographic":false}