{"cameraMode":{"drawMode":0,"name":"Shaded","section":"Shading Mode"},"sceneLighting":true,"audioPlay":false,"sceneViewState":{"showFog":false,"showMaterialUpdate":false,"showSkybox":false,"showFlares":false,"showImageEffects":false,"showParticleSystems":false},"in2DMode":false,"pivot":{"x":0.001911163330078125,"y":-0.8335789442062378,"z":16.88985824584961},"rotation":{"x":0.07577033340930939,"y":0.23262056708335877,"z":-0.018181102350354196,"w":0.9694427847862244},"size":7.492231369018555,"orthographic":false}