{"cameraMode":{"drawMode":0,"name":"Shaded","section":"Shading Mode"},"sceneLighting":false,"audioPlay":false,"sceneViewState":{"showFog":false,"showMaterialUpdate":false,"showSkybox":false,"showFlares":false,"showImageEffects":false,"showParticleSystems":false},"in2DMode":false,"pivot":{"x":-0.02498449943959713,"y":0.004525499884039164,"z":-0.02498449943959713},"rotation":{"x":-0.11917800456285477,"y":0.7708510160446167,"z":-0.1512974053621292,"w":-0.6072035431861877},"size":1.0175528526306153,"orthographic":false}